cohort.lower.bound,cohort.upper.bound,age,diag.year.lower.bound,diag.year.upper.bound,ir.mean,ir.sd,size,num
1890,1894,79,1969,1973,0,NaN,26.086483516,25143795448.2
1890,1894,80,1970,1974,4.8926072704144,6.91919155718526,25.66868063,23965951151.4
1890,1894,81,1971,1975,3.37433146057937,5.84451353130157,25.361063184,23122915107
1890,1894,82,1972,1976,7.11593997581352,5.30325317678936,24.983655394,22079435050.8
1890,1894,83,1973,1977,10.7522433489372,8.1652017444962,24.641604974,21147535925.2
1890,1894,84,1974,1978,7.24919428665572,8.65273198006622,24.592106878,21020295218.8
1890,1894,85,1975,1979,2.76899422675511,2.66353250143805,24.047370466,19757190028
1895,1899,74,1969,1973,20.344500203445,NaN,26.086483516,25143795448.2
1895,1899,75,1970,1974,8.83621307210686,3.44329769659806,25.66868063,23965951151.4
1895,1899,76,1971,1975,5.94627839723833,1.68806919155323,25.361063184,23122915107
1895,1899,77,1972,1976,5.41915652224672,6.85446371905318,24.983655394,22079435050.8
1895,1899,78,1973,1977,8.22300755265463,7.87957444358007,24.641604974,21147535925.2
1895,1899,79,1974,1978,8.20531089927264,3.04736437859077,24.592106878,21020295218.8
1895,1899,80,1975,1979,10.6712748993569,6.35532480222555,24.047370466,19757190028
1895,1899,81,1976,1980,4.11654746705747,6.76527923030036,23.852892268,19275634918.8
1895,1899,82,1977,1981,7.74696968125364,6.21108303694759,23.875527312,19333918519.4
1895,1899,83,1978,1982,7.36252031324181,2.64354687248107,23.528493036,18512547950.2
1895,1899,84,1979,1983,11.1163801312178,15.2224577709284,23.428367548,18262917484.4
1895,1899,85,1980,1984,0.601069773637689,0.823285467429315,23.692261682,18838121558.6
1900,1904,69,1969,1973,7.03004171158082,NaN,26.086483516,25143795448.2
1900,1904,70,1970,1974,1.08565845185105,1.53535290671273,25.66868063,23965951151.4
1900,1904,71,1971,1975,4.53683946543655,3.42881333631367,25.361063184,23122915107
1900,1904,72,1972,1976,6.95669693411867,2.54166973077331,24.983655394,22079435050.8
1900,1904,73,1973,1977,6.73519216143973,5.88286351652747,24.641604974,21147535925.2
1900,1904,74,1974,1978,8.07987285848394,3.86704680034201,24.592106878,21020295218.8
1900,1904,75,1975,1979,7.62894294874415,5.43303688569844,24.047370466,19757190028
1900,1904,76,1976,1980,5.05932254753392,5.83684743072027,23.852892268,19275634918.8
1900,1904,77,1977,1981,5.24657266180514,1.81756563764247,23.875527312,19333918519.4
1900,1904,78,1978,1982,7.50419047685338,5.52669284385111,23.528493036,18512547950.2
1900,1904,79,1979,1983,5.1728971968832,6.2000253431017,23.428367548,18262917484.4
1900,1904,80,1980,1984,5.90312100563591,6.20982534956399,23.692261682,18838121558.6
1900,1904,81,1981,1985,4.59750866132166,4.61935206336213,23.519094984,18441342013
1900,1904,82,1982,1986,8.17458759729855,5.88775857263997,23.125582334,17502350889
1900,1904,83,1983,1987,5.61184936728628,3.80014176596014,22.81523839,16866494730.8
1900,1904,84,1984,1988,5.15343696419576,5.39170060907755,22.335209238,15807643437.2
1900,1904,85,1985,1989,1.65632044321124,1.51497219706578,21.923846804,14939561639.8
1905,1909,64,1969,1973,3.4047769019935,NaN,26.086483516,25143795448.2
1905,1909,65,1970,1974,2.45075487873857,0.918859661613002,25.66868063,23965951151.4
1905,1909,66,1971,1975,5.01662855226072,1.15734476632437,25.361063184,23122915107
1905,1909,67,1972,1976,4.34344889216004,2.20164061124006,24.983655394,22079435050.8
1905,1909,68,1973,1977,4.15741535117007,3.26440653871963,24.641604974,21147535925.2
1905,1909,69,1974,1978,6.62942050045549,1.21641384140227,24.592106878,21020295218.8
1905,1909,70,1975,1979,5.01012295858923,3.42274746574992,24.047370466,19757190028
1905,1909,71,1976,1980,4.69384434876768,2.91376070651196,23.852892268,19275634918.8
1905,1909,72,1977,1981,7.15310842330872,2.77606435768675,23.875527312,19333918519.4
1905,1909,73,1978,1982,4.48380544839324,4.3096515455136,23.528493036,18512547950.2
1905,1909,74,1979,1983,5.05282727929181,2.29134351128804,23.428367548,18262917484.4
1905,1909,75,1980,1984,6.85482123766735,3.93307720683108,23.692261682,18838121558.6
1905,1909,76,1981,1985,5.20825681556642,3.70711799145292,23.519094984,18441342013
1905,1909,77,1982,1986,5.61026334360388,3.87937487245438,23.125582334,17502350889
1905,1909,78,1983,1987,7.76045466568025,3.20577577269137,22.81523839,16866494730.8
1905,1909,79,1984,1988,7.1818839454118,2.78852795809286,22.335209238,15807643437.2
1905,1909,80,1985,1989,5.77776669219316,3.13290079901914,21.923846804,14939561639.8
1905,1909,81,1986,1990,10.3285537760104,7.71126960942009,21.402348126,13915382990.2
1905,1909,82,1987,1991,5.19761166687118,5.7006413280085,20.925491594,12976312964.8
1905,1909,83,1988,1992,5.53365007024992,2.5751891998071,20.90229161,12932335732.4
1905,1909,84,1989,1993,3.67953741375203,3.45048918506191,20.77200259,12682335148.6
1905,1909,85,1990,1994,0.826351084415877,0.76719242005648,20.924736614,12986042038.6
1910,1914,59,1969,1973,1.35109573864404,NaN,26.086483516,25143795448.2
1910,1914,60,1970,1974,5.97972326497001,2.29051457537047,25.66868063,23965951151.4
1910,1914,61,1971,1975,5.57234843912022,0.982861236678,25.361063184,23122915107
1910,1914,62,1972,1976,5.6658397454699,3.29959108177951,24.983655394,22079435050.8
1910,1914,63,1973,1977,5.3792940235669,1.24714314729141,24.641604974,21147535925.2
1910,1914,64,1974,1978,5.3211501890174,2.41414475376634,24.592106878,21020295218.8
1910,1914,65,1975,1979,5.80286185248075,3.82428871833432,24.047370466,19757190028
1910,1914,66,1976,1980,7.64291547744404,2.90695113633424,23.852892268,19275634918.8
1910,1914,67,1977,1981,7.74144463460848,3.12130238515443,23.875527312,19333918519.4
1910,1914,68,1978,1982,7.16106425940077,2.73904145529448,23.528493036,18512547950.2
1910,1914,69,1979,1983,7.65885723413107,2.99684014687768,23.428367548,18262917484.4
1910,1914,70,1980,1984,7.84548988912578,4.59483930440918,23.692261682,18838121558.6
1910,1914,71,1981,1985,6.65647134905215,3.59184865132591,23.519094984,18441342013
1910,1914,72,1982,1986,6.98609489822594,2.83865040855494,23.125582334,17502350889
1910,1914,73,1983,1987,5.03074631785089,2.29239316508138,22.81523839,16866494730.8
1910,1914,74,1984,1988,6.3568510490644,2.82226066023709,22.335209238,15807643437.2
1910,1914,75,1985,1989,4.57919302466851,3.31790486104031,21.923846804,14939561639.8
1910,1914,76,1986,1990,9.40795691346563,4.76387551376144,21.402348126,13915382990.2
1910,1914,77,1987,1991,9.64503950515986,5.61846334912658,20.925491594,12976312964.8
1910,1914,78,1988,1992,7.54243078764738,2.32172621404335,20.90229161,12932335732.4
1910,1914,79,1989,1993,7.96753614165416,2.50923087477594,20.77200259,12682335148.6
1910,1914,80,1990,1994,6.58522566259801,4.34176591871043,20.924736614,12986042038.6
1910,1914,81,1991,1995,7.72446881926044,4.35206955318489,21.040873968,13192900092.6
1910,1914,82,1992,1996,7.4751356626377,4.0686705428406,21.185029402,13455042967.8
1910,1914,83,1993,1997,6.28292039807114,3.63824672737015,21.140875884,13372673985.6
1910,1914,84,1994,1998,3.89826394112752,2.60946987641574,20.981848962,13087914905.8
1910,1914,85,1995,1999,0.872254113776521,0.987281488948059,20.566340834,12310505554
1915,1919,54,1969,1973,4.63848785295994,NaN,26.086483516,25143795448.2
1915,1919,55,1970,1974,2.21410570628163,0.254578713833236,25.66868063,23965951151.4
1915,1919,56,1971,1975,5.22569718610708,3.34614103527029,25.361063184,23122915107
1915,1919,57,1972,1976,3.84316239854737,3.42745659024397,24.983655394,22079435050.8
1915,1919,58,1973,1977,4.25279177633792,2.13570884857523,24.641604974,21147535925.2
1915,1919,59,1974,1978,5.05431923708071,1.68639242126744,24.592106878,21020295218.8
1915,1919,60,1975,1979,2.56983699571573,1.31968863361247,24.047370466,19757190028
1915,1919,61,1976,1980,4.51786274408423,2.01749576846481,23.852892268,19275634918.8
1915,1919,62,1977,1981,4.87711320473048,1.89303555024322,23.875527312,19333918519.4
1915,1919,63,1978,1982,4.98872669453792,3.66041143222127,23.528493036,18512547950.2
1915,1919,64,1979,1983,3.15077159180184,2.00093261439022,23.428367548,18262917484.4
1915,1919,65,1980,1984,4.93480497279008,2.09163980134679,23.692261682,18838121558.6
1915,1919,66,1981,1985,5.20481344568193,3.59087038477996,23.519094984,18441342013
1915,1919,67,1982,1986,7.62742684683599,5.4798340085732,23.125582334,17502350889
1915,1919,68,1983,1987,7.94417135511253,3.08704203567307,22.81523839,16866494730.8
1915,1919,69,1984,1988,6.94891875526575,3.00956592917772,22.335209238,15807643437.2
1915,1919,70,1985,1989,6.19767116842428,3.87212236956038,21.923846804,14939561639.8
1915,1919,71,1986,1990,10.3947628574619,3.48505066453143,21.402348126,13915382990.2
1915,1919,72,1987,1991,6.07241477895632,0.990136840934537,20.925491594,12976312964.8
1915,1919,73,1988,1992,7.53928422113902,2.71728458083633,20.90229161,12932335732.4
1915,1919,74,1989,1993,5.2019575555061,2.17208485207443,20.77200259,12682335148.6
1915,1919,75,1990,1994,7.28195304145293,2.17831121613375,20.924736614,12986042038.6
1915,1919,76,1991,1995,8.72501316570173,1.92064170750489,21.040873968,13192900092.6
1915,1919,77,1992,1996,8.01392121293742,1.22234207557185,21.185029402,13455042967.8
1915,1919,78,1993,1997,10.0144040759458,2.10065807993979,21.140875884,13372673985.6
1915,1919,79,1994,1998,5.91432303881307,1.50612257542627,20.981848962,13087914905.8
1915,1919,80,1995,1999,5.86388518842498,4.88338634514445,20.566340834,12310505554
1915,1919,81,1996,2000,7.98895563107092,6.39264924329078,20.473801834,12144733536.8
1915,1919,82,1997,2001,8.45464901850455,2.57203210388001,20.27971147,11795998398.6
1915,1919,83,1998,2002,6.73185197543764,1.79543427462827,20.01139328,11331869470.2
1915,1919,84,1999,2003,5.8846605446125,1.46566317431104,19.80625894,10996340417.6
1915,1919,85,2000,2004,1.58693223237984,0.447801409809008,19.433027322,10423030870
1920,1924,49,1969,1973,3.19077652864786,NaN,26.086483516,25143795448.2
1920,1924,50,1970,1974,8.7000728574454,0.078540053762168,25.66868063,23965951151.4
1920,1924,51,1971,1975,4.03627046654595,1.69301202325061,25.361063184,23122915107
1920,1924,52,1972,1976,4.76283916582622,1.62978954645708,24.983655394,22079435050.8
1920,1924,53,1973,1977,4.83175697155563,1.65079090227941,24.641604974,21147535925.2
1920,1924,54,1974,1978,5.52600731820225,1.37345399062207,24.592106878,21020295218.8
1920,1924,55,1975,1979,5.20220553782445,1.55911064809643,24.047370466,19757190028
1920,1924,56,1976,1980,4.5438114655665,2.34510795601447,23.852892268,19275634918.8
1920,1924,57,1977,1981,6.70293100740052,2.26547311091655,23.875527312,19333918519.4
1920,1924,58,1978,1982,5.7140779112809,2.75872630562105,23.528493036,18512547950.2
1920,1924,59,1979,1983,3.9210090936703,2.25365623120432,23.428367548,18262917484.4
1920,1924,60,1980,1984,5.47981516061066,2.07841264780268,23.692261682,18838121558.6
1920,1924,61,1981,1985,4.39970276801156,1.84122523990532,23.519094984,18441342013
1920,1924,62,1982,1986,5.27756836791586,1.36717002341064,23.125582334,17502350889
1920,1924,63,1983,1987,6.69782397205095,1.86184734772475,22.81523839,16866494730.8
1920,1924,64,1984,1988,4.71299035874608,2.43758755915276,22.335209238,15807643437.2
1920,1924,65,1985,1989,7.17544948719977,2.20279093311139,21.923846804,14939561639.8
1920,1924,66,1986,1990,6.48452556755071,2.96904356637513,21.402348126,13915382990.2
1920,1924,67,1987,1991,7.86028789204957,1.44526433579375,20.925491594,12976312964.8
1920,1924,68,1988,1992,8.50785885770611,3.6939688193334,20.90229161,12932335732.4
1920,1924,69,1989,1993,8.33928995250393,2.47240256223043,20.77200259,12682335148.6
1920,1924,70,1990,1994,8.4978575485633,2.55699676920656,20.924736614,12986042038.6
1920,1924,71,1991,1995,10.6713466937875,4.99378351426019,21.040873968,13192900092.6
1920,1924,72,1992,1996,8.52503599070296,1.90572913334576,21.185029402,13455042967.8
1920,1924,73,1993,1997,9.84001388521111,2.3554352483216,21.140875884,13372673985.6
1920,1924,74,1994,1998,9.20537123807132,3.02684773418737,20.981848962,13087914905.8
1920,1924,75,1995,1999,6.85915729652514,2.16425453969163,20.566340834,12310505554
1920,1924,76,1996,2000,9.04895172481575,4.181358276656,20.473801834,12144733536.8
1920,1924,77,1997,2001,8.09579881129764,3.42336627208527,20.27971147,11795998398.6
1920,1924,78,1998,2002,11.5938710435912,3.25128180121254,20.01139328,11331869470.2
1920,1924,79,1999,2003,10.0124863908376,2.94720699797369,19.80625894,10996340417.6
1920,1924,80,2000,2004,9.45773269885628,1.11577147266962,19.433027322,10423030870
1920,1924,81,2001,2005,10.527654983241,4.65545013873776,18.939771362,9659823342.4
1920,1924,82,2002,2006,13.2519418374407,3.73084236097228,18.476704448,8954567927.2
1920,1924,83,2003,2007,12.4363232317417,3.92504680357529,17.916596412,8172976702.2
1920,1924,84,2004,2008,10.9302505683818,5.60680797810235,17.385236542,7458020064.6
1920,1924,85,2005,2009,2.86486365088178,0.837697744930018,17.043263612,7026808941.6
1925,1929,44,1969,1973,0,NaN,26.086483516,25143795448.2
1925,1929,45,1970,1974,2.98667823919353,2.68403478301794,25.66868063,23965951151.4
1925,1929,46,1971,1975,3.94947809179679,0.91061104696384,25.361063184,23122915107
1925,1929,47,1972,1976,3.55066648298532,1.72759078768111,24.983655394,22079435050.8
1925,1929,48,1973,1977,3.73891470965327,2.19427482830938,24.641604974,21147535925.2
1925,1929,49,1974,1978,4.32837060510826,2.31644139394458,24.592106878,21020295218.8
1925,1929,50,1975,1979,5.95524416418429,1.69621673915079,24.047370466,19757190028
1925,1929,51,1976,1980,5.28448854993295,0.727395662159847,23.852892268,19275634918.8
1925,1929,52,1977,1981,3.32902547155587,1.69788768576646,23.875527312,19333918519.4
1925,1929,53,1978,1982,4.23916691666428,0.526345421571475,23.528493036,18512547950.2
1925,1929,54,1979,1983,6.31482168689412,2.4885722981617,23.428367548,18262917484.4
1925,1929,55,1980,1984,4.23528342242415,2.00703728742123,23.692261682,18838121558.6
1925,1929,56,1981,1985,3.92786401200664,1.57516093931593,23.519094984,18441342013
1925,1929,57,1982,1986,4.7023344868853,2.55212718331136,23.125582334,17502350889
1925,1929,58,1983,1987,6.22149608465329,2.55594891114875,22.81523839,16866494730.8
1925,1929,59,1984,1988,6.67568310895377,2.53502123090272,22.335209238,15807643437.2
1925,1929,60,1985,1989,7.18672193887068,2.77393110307758,21.923846804,14939561639.8
1925,1929,61,1986,1990,6.25622443372436,3.18229436303969,21.402348126,13915382990.2
1925,1929,62,1987,1991,5.58226818972255,1.79651282757909,20.925491594,12976312964.8
1925,1929,63,1988,1992,9.00036397510369,4.4933462300668,20.90229161,12932335732.4
1925,1929,64,1989,1993,6.5654921945812,3.53932385922909,20.77200259,12682335148.6
1925,1929,65,1990,1994,8.26941453677703,2.81657606729799,20.924736614,12986042038.6
1925,1929,66,1991,1995,7.43070479508096,1.76638293832649,21.040873968,13192900092.6
1925,1929,67,1992,1996,8.27567508274032,3.61007467478377,21.185029402,13455042967.8
1925,1929,68,1993,1997,7.76062213034624,3.65367117809413,21.140875884,13372673985.6
1925,1929,69,1994,1998,8.26628213207283,1.65482636024098,20.981848962,13087914905.8
1925,1929,70,1995,1999,5.59695403079932,3.1803393991068,20.566340834,12310505554
1925,1929,71,1996,2000,10.8151867783169,2.67468680390718,20.473801834,12144733536.8
1925,1929,72,1997,2001,10.2145162988296,3.74903560707119,20.27971147,11795998398.6
1925,1929,73,1998,2002,10.3032241631093,1.56998940364568,20.01139328,11331869470.2
1925,1929,74,1999,2003,10.6627053790462,3.57449139024687,19.80625894,10996340417.6
1925,1929,75,2000,2004,10.3142801282026,2.07576189130429,19.433027322,10423030870
1925,1929,76,2001,2005,12.1378030444985,2.33549872153722,18.939771362,9659823342.4
1925,1929,77,2002,2006,9.86344352441164,2.43125858847117,18.476704448,8954567927.2
1925,1929,78,2003,2007,11.8367518233613,1.3524919179179,17.916596412,8172976702.2
1925,1929,79,2004,2008,13.1132119205923,3.53830455099179,17.385236542,7458020064.6
1925,1929,80,2005,2009,12.5805049010444,2.83475886142558,17.043263612,7026808941.6
1925,1929,81,2006,2010,15.6624594145533,5.05985898799112,16.71828773,6626219717.8
1925,1929,82,2007,2011,16.1316514580448,4.5021090800087,16.366061002,6199161340.2
1925,1929,83,2008,2012,13.1416660073158,3.18643196548291,16.245554486,6061354597
1925,1929,84,2009,2013,12.536283707459,2.60602693775826,16.113990846,5916015690.8
1925,1929,85,2010,2014,2.17769399240539,0.86345947110394,16.124961606,5928542767
1930,1934,39,1969,1973,2.36899459869232,NaN,26.086483516,25143795448.2
1930,1934,40,1970,1974,3.25173590053951,1.28667345588957,25.66868063,23965951151.4
1930,1934,41,1971,1975,6.61988196253536,0.408115391864089,25.361063184,23122915107
1930,1934,42,1972,1976,3.60286950339767,0.854329668713587,24.983655394,22079435050.8
1930,1934,43,1973,1977,4.19078745297052,1.66752286968712,24.641604974,21147535925.2
1930,1934,44,1974,1978,5.73973924959859,1.3466155053492,24.592106878,21020295218.8
1930,1934,45,1975,1979,4.89058621298169,3.30894960762069,24.047370466,19757190028
1930,1934,46,1976,1980,3.84082295210822,0.72790664189969,23.852892268,19275634918.8
1930,1934,47,1977,1981,3.21143358907828,2.35382466741978,23.875527312,19333918519.4
1930,1934,48,1978,1982,3.39773134753356,1.3862215388655,23.528493036,18512547950.2
1930,1934,49,1979,1983,2.8654866818422,2.08046158931894,23.428367548,18262917484.4
1930,1934,50,1980,1984,3.13351505615157,1.3306900476279,23.692261682,18838121558.6
1930,1934,51,1981,1985,3.58455676999605,1.60027917392577,23.519094984,18441342013
1930,1934,52,1982,1986,5.95959287318493,5.06008167316659,23.125582334,17502350889
1930,1934,53,1983,1987,3.65175684154001,0.507920756006117,22.81523839,16866494730.8
1930,1934,54,1984,1988,6.07570472570045,2.45770448926664,22.335209238,15807643437.2
1930,1934,55,1985,1989,4.85220786287893,2.89833410786462,21.923846804,14939561639.8
1930,1934,56,1986,1990,3.6435412058238,2.20430351491466,21.402348126,13915382990.2
1930,1934,57,1987,1991,4.29562707503244,2.73633356614943,20.925491594,12976312964.8
1930,1934,58,1988,1992,4.99023781099162,2.2814786123854,20.90229161,12932335732.4
1930,1934,59,1989,1993,4.56161013254795,0.948481561338407,20.77200259,12682335148.6
1930,1934,60,1990,1994,6.36739982241814,1.45012846950275,20.924736614,12986042038.6
1930,1934,61,1991,1995,8.31304945472931,3.77738715005841,21.040873968,13192900092.6
1930,1934,62,1992,1996,9.17556105567427,0.519107197596739,21.185029402,13455042967.8
1930,1934,63,1993,1997,5.98512254289431,1.98412814299269,21.140875884,13372673985.6
1930,1934,64,1994,1998,7.8129775861194,2.64548313160901,20.981848962,13087914905.8
1930,1934,65,1995,1999,9.30373213419893,3.64702202657116,20.566340834,12310505554
1930,1934,66,1996,2000,7.41286616416697,2.09867717398625,20.473801834,12144733536.8
1930,1934,67,1997,2001,7.77598512512652,1.27770675761718,20.27971147,11795998398.6
1930,1934,68,1998,2002,10.3364068977328,3.78213541937117,20.01139328,11331869470.2
1930,1934,69,1999,2003,11.2571693088013,2.08744657489013,19.80625894,10996340417.6
1930,1934,70,2000,2004,10.5217972809657,2.44998513836458,19.433027322,10423030870
1930,1934,71,2001,2005,13.156973672526,3.02059910996984,18.939771362,9659823342.4
1930,1934,72,2002,2006,12.8770805653369,3.23788993949051,18.476704448,8954567927.2
1930,1934,73,2003,2007,13.5031728790583,2.98644242994769,17.916596412,8172976702.2
1930,1934,74,2004,2008,16.0145453688044,2.8872577308022,17.385236542,7458020064.6
1930,1934,75,2005,2009,17.0685833830049,4.78454270108265,17.043263612,7026808941.6
1930,1934,76,2006,2010,14.7536141081779,5.45892488584559,16.71828773,6626219717.8
1930,1934,77,2007,2011,18.0071525331985,1.26926839923153,16.366061002,6199161340.2
1930,1934,78,2008,2012,16.5160469362376,2.95614683033585,16.245554486,6061354597
1930,1934,79,2009,2013,15.6958868850893,3.21650882777466,16.113990846,5916015690.8
1930,1934,80,2010,2014,13.0197093791002,4.24862807558335,16.124961606,5928542767
1930,1934,81,2011,2015,15.0353170646171,2.06216384044359,16.2260862,6045066040.4
1930,1934,82,2012,2016,18.3876837254503,6.50824395617797,16.27704669,6103073121.75
1930,1934,83,2013,2017,15.2112801527872,5.18648266802842,16.3291209333333,6163765331
1930,1934,84,2014,2018,14.7616504986237,8.89137849082108,16.58790848,6452293230.5
1930,1934,85,2015,2019,3.13484537375194,NaN,16.73761379,6626950477
1935,1939,34,1969,1973,2.17623120280299,NaN,26.086483516,25143795448.2
1935,1939,35,1970,1974,3.49841325878412,1.79390925203955,25.66868063,23965951151.4
1935,1939,36,1971,1975,3.32483307514865,0.330296311591794,25.361063184,23122915107
1935,1939,37,1972,1976,3.66597131233577,2.30962947760018,24.983655394,22079435050.8
1935,1939,38,1973,1977,3.64210698791645,1.67859516775634,24.641604974,21147535925.2
1935,1939,39,1974,1978,3.93612960519439,2.21759738637496,24.592106878,21020295218.8
1935,1939,40,1975,1979,2.7197989032582,0.684537492217504,24.047370466,19757190028
1935,1939,41,1976,1980,3.51645726232074,1.27616908342369,23.852892268,19275634918.8
1935,1939,42,1977,1981,3.54630431790505,2.06842884310786,23.875527312,19333918519.4
1935,1939,43,1978,1982,3.8936048266612,1.54973187162711,23.528493036,18512547950.2
1935,1939,44,1979,1983,2.93554662979938,1.08220462324667,23.428367548,18262917484.4
1935,1939,45,1980,1984,2.79598252597897,1.65040830992365,23.692261682,18838121558.6
1935,1939,46,1981,1985,3.92945801799099,1.52834365578607,23.519094984,18441342013
1935,1939,47,1982,1986,4.05722075559683,2.0828646411162,23.125582334,17502350889
1935,1939,48,1983,1987,3.58337289536558,2.25880863247169,22.81523839,16866494730.8
1935,1939,49,1984,1988,3.83786802826063,1.03395154709201,22.335209238,15807643437.2
1935,1939,50,1985,1989,4.49928271338532,1.21370916863588,21.923846804,14939561639.8
1935,1939,51,1986,1990,3.88482135096343,1.77643656917021,21.402348126,13915382990.2
1935,1939,52,1987,1991,7.30324297681782,2.07618388656728,20.925491594,12976312964.8
1935,1939,53,1988,1992,4.52148638320193,1.4440099648982,20.90229161,12932335732.4
1935,1939,54,1989,1993,5.7910522894158,3.04601594329175,20.77200259,12682335148.6
1935,1939,55,1990,1994,6.14038851933477,3.0796508957803,20.924736614,12986042038.6
1935,1939,56,1991,1995,7.95508049637567,1.44740310615015,21.040873968,13192900092.6
1935,1939,57,1992,1996,6.05618986486634,2.710294162347,21.185029402,13455042967.8
1935,1939,58,1993,1997,9.58765046965831,2.21729856658642,21.140875884,13372673985.6
1935,1939,59,1994,1998,6.61958987286911,3.88741276784583,20.981848962,13087914905.8
1935,1939,60,1995,1999,7.59447669967476,1.12280575993885,20.566340834,12310505554
1935,1939,61,1996,2000,7.2185219875132,1.48265610511318,20.473801834,12144733536.8
1935,1939,62,1997,2001,8.5698496336578,2.42263104483863,20.27971147,11795998398.6
1935,1939,63,1998,2002,9.46788645873177,2.25482049090802,20.01139328,11331869470.2
1935,1939,64,1999,2003,10.4419516102328,4.20727796215904,19.80625894,10996340417.6
1935,1939,65,2000,2004,11.341004988501,2.48972195596364,19.433027322,10423030870
1935,1939,66,2001,2005,13.1944488286373,2.35194607738634,18.939771362,9659823342.4
1935,1939,67,2002,2006,13.8475034046607,1.79302585238913,18.476704448,8954567927.2
1935,1939,68,2003,2007,13.8040359087782,1.06654763083237,17.916596412,8172976702.2
1935,1939,69,2004,2008,17.41408689985,2.61686974270919,17.385236542,7458020064.6
1935,1939,70,2005,2009,15.9461285162005,2.66671859988553,17.043263612,7026808941.6
1935,1939,71,2006,2010,17.4749639655965,4.11741585396825,16.71828773,6626219717.8
1935,1939,72,2007,2011,17.3369349294301,2.493946039619,16.366061002,6199161340.2
1935,1939,73,2008,2012,18.0192559617215,3.65124428378682,16.245554486,6061354597
1935,1939,74,2009,2013,22.2340605472494,4.99168637908387,16.113990846,5916015690.8
1935,1939,75,2010,2014,17.3868045440661,2.30622989310807,16.124961606,5928542767
1935,1939,76,2011,2015,18.3349174870553,2.76984026427139,16.2260862,6045066040.4
1935,1939,77,2012,2016,18.0254386275482,1.42245718828877,16.27704669,6103073121.75
1935,1939,78,2013,2017,19.0714699797195,0.46987789410933,16.3291209333333,6163765331
1935,1939,79,2014,2018,14.4646589753541,2.11424223204111,16.58790848,6452293230.5
1935,1939,80,2015,2019,17.0864231281823,NaN,16.73761379,6626950477
1940,1944,29,1969,1973,1.75975785731883,NaN,26.086483516,25143795448.2
1940,1944,30,1970,1974,1.86070852307842,1.50196589426453,25.66868063,23965951151.4
1940,1944,31,1971,1975,3.15492329958962,0.563017443059389,25.361063184,23122915107
1940,1944,32,1972,1976,2.88362700482094,0.808126175894601,24.983655394,22079435050.8
1940,1944,33,1973,1977,3.44247299271518,1.38800764082227,24.641604974,21147535925.2
1940,1944,34,1974,1978,4.34931330479821,1.55175168813627,24.592106878,21020295218.8
1940,1944,35,1975,1979,3.84928840912348,1.2223503299488,24.047370466,19757190028
1940,1944,36,1976,1980,3.46890653560169,2.99262535267138,23.852892268,19275634918.8
1940,1944,37,1977,1981,3.35480149968404,0.687015332403814,23.875527312,19333918519.4
1940,1944,38,1978,1982,2.95038744662263,2.28579930738162,23.528493036,18512547950.2
1940,1944,39,1979,1983,3.60523583126999,0.68213027083815,23.428367548,18262917484.4
1940,1944,40,1980,1984,3.76428929007081,1.03691833547947,23.692261682,18838121558.6
1940,1944,41,1981,1985,2.80335943293305,0.654020410704745,23.519094984,18441342013
1940,1944,42,1982,1986,5.29283900772264,2.44230694406095,23.125582334,17502350889
1940,1944,43,1983,1987,4.8055972100627,0.363107200067605,22.81523839,16866494730.8
1940,1944,44,1984,1988,2.98617181359066,1.5746493423047,22.335209238,15807643437.2
1940,1944,45,1985,1989,3.18373575964111,2.55651614285622,21.923846804,14939561639.8
1940,1944,46,1986,1990,4.1280949548768,1.51682157422357,21.402348126,13915382990.2
1940,1944,47,1987,1991,2.29893573809591,1.49923515579579,20.925491594,12976312964.8
1940,1944,48,1988,1992,5.5365592990095,2.47386914466147,20.90229161,12932335732.4
1940,1944,49,1989,1993,5.55484947966811,1.6345187442572,20.77200259,12682335148.6
1940,1944,50,1990,1994,5.80377936049671,1.30566858635262,20.924736614,12986042038.6
1940,1944,51,1991,1995,5.771423966017,3.00304729838975,21.040873968,13192900092.6
1940,1944,52,1992,1996,5.54024123310994,1.32959452437056,21.185029402,13455042967.8
1940,1944,53,1993,1997,7.62606619960308,0.679072520596736,21.140875884,13372673985.6
1940,1944,54,1994,1998,5.02288517525858,1.24699222924557,20.981848962,13087914905.8
1940,1944,55,1995,1999,7.34590946919473,1.87432281380353,20.566340834,12310505554
1940,1944,56,1996,2000,7.82027123742581,2.44593099998859,20.473801834,12144733536.8
1940,1944,57,1997,2001,6.86648340057407,1.32718822138396,20.27971147,11795998398.6
1940,1944,58,1998,2002,8.67213730297868,2.21563279502149,20.01139328,11331869470.2
1940,1944,59,1999,2003,8.46535975005681,0.971766786335226,19.80625894,10996340417.6
1940,1944,60,2000,2004,9.89873259989893,1.10759074101646,19.433027322,10423030870
1940,1944,61,2001,2005,9.19930759432902,1.93936568865484,18.939771362,9659823342.4
1940,1944,62,2002,2006,11.9745491191364,1.97044579046944,18.476704448,8954567927.2
1940,1944,63,2003,2007,13.423774234193,2.08635065652711,17.916596412,8172976702.2
1940,1944,64,2004,2008,14.8016746656272,2.20528178806006,17.385236542,7458020064.6
1940,1944,65,2005,2009,15.0698761274776,3.3291560030057,17.043263612,7026808941.6
1940,1944,66,2006,2010,13.8415977962576,2.29402064031274,16.71828773,6626219717.8
1940,1944,67,2007,2011,17.2770179419925,2.9046333453051,16.366061002,6199161340.2
1940,1944,68,2008,2012,18.8778873817965,4.08014817702132,16.245554486,6061354597
1940,1944,69,2009,2013,17.7092409686624,1.70521579606881,16.113990846,5916015690.8
1940,1944,70,2010,2014,17.9937936783491,2.68314395667139,16.124961606,5928542767
1940,1944,71,2011,2015,19.4933093329866,4.59775208054822,16.2260862,6045066040.4
1940,1944,72,2012,2016,19.6617339624498,0.630691042566649,16.27704669,6103073121.75
1940,1944,73,2013,2017,18.764268619847,2.83782946012606,16.3291209333333,6163765331
1940,1944,74,2014,2018,20.7805439998782,2.30532461153718,16.58790848,6452293230.5
1940,1944,75,2015,2019,19.850928976212,NaN,16.73761379,6626950477
1945,1949,24,1969,1973,1.41390719113197,NaN,26.086483516,25143795448.2
1945,1949,25,1970,1974,3.27917874551783,0.598752838650229,25.66868063,23965951151.4
1945,1949,26,1971,1975,2.61436697082495,0.708605517636541,25.361063184,23122915107
1945,1949,27,1972,1976,1.26718290298374,0.84493975646709,24.983655394,22079435050.8
1945,1949,28,1973,1977,2.89665193332089,1.27869866900129,24.641604974,21147535925.2
1945,1949,29,1974,1978,2.09182045731651,1.75813813331853,24.592106878,21020295218.8
1945,1949,30,1975,1979,3.74160059213943,2.41737990692255,24.047370466,19757190028
1945,1949,31,1976,1980,3.22156726489219,0.974810871118843,23.852892268,19275634918.8
1945,1949,32,1977,1981,4.17990924087178,1.67288037702422,23.875527312,19333918519.4
1945,1949,33,1978,1982,3.38398100315572,2.00314956799999,23.528493036,18512547950.2
1945,1949,34,1979,1983,4.01651333247498,0.877877262506735,23.428367548,18262917484.4
1945,1949,35,1980,1984,2.43717912698827,0.920943975568039,23.692261682,18838121558.6
1945,1949,36,1981,1985,3.15869213172509,1.38934487851917,23.519094984,18441342013
1945,1949,37,1982,1986,2.73096080736898,0.766093640401719,23.125582334,17502350889
1945,1949,38,1983,1987,3.89707690044886,0.962725141993098,22.81523839,16866494730.8
1945,1949,39,1984,1988,4.26942892975487,0.946257398013111,22.335209238,15807643437.2
1945,1949,40,1985,1989,4.17269529084981,2.03302063987069,21.923846804,14939561639.8
1945,1949,41,1986,1990,3.02616794637003,1.84623192537191,21.402348126,13915382990.2
1945,1949,42,1987,1991,3.11364300057196,1.25424536126342,20.925491594,12976312964.8
1945,1949,43,1988,1992,4.60441103644342,0.77528877510896,20.90229161,12932335732.4
1945,1949,44,1989,1993,3.78655474824565,1.81211153039009,20.77200259,12682335148.6
1945,1949,45,1990,1994,3.5640033875045,1.84773687605909,20.924736614,12986042038.6
1945,1949,46,1991,1995,5.28854031119264,2.2141102149226,21.040873968,13192900092.6
1945,1949,47,1992,1996,5.27882145293903,2.10593416185373,21.185029402,13455042967.8
1945,1949,48,1993,1997,6.09773112856959,3.05755734046551,21.140875884,13372673985.6
1945,1949,49,1994,1998,4.79178261037673,1.74440916408241,20.981848962,13087914905.8
1945,1949,50,1995,1999,6.17274390499173,1.86444650835422,20.566340834,12310505554
1945,1949,51,1996,2000,6.60202600626607,3.07399899933459,20.473801834,12144733536.8
1945,1949,52,1997,2001,7.43882158356187,2.35883414879213,20.27971147,11795998398.6
1945,1949,53,1998,2002,6.96805860322444,0.991521341883191,20.01139328,11331869470.2
1945,1949,54,1999,2003,8.65788921413149,1.35685028941627,19.80625894,10996340417.6
1945,1949,55,2000,2004,9.55080761278144,0.444522459186535,19.433027322,10423030870
1945,1949,56,2001,2005,9.59891403672736,0.769847613651866,18.939771362,9659823342.4
1945,1949,57,2002,2006,9.72002603424905,2.69297933477416,18.476704448,8954567927.2
1945,1949,58,2003,2007,11.1484983611485,2.81926764976701,17.916596412,8172976702.2
1945,1949,59,2004,2008,12.6466356931025,2.18838518470265,17.385236542,7458020064.6
1945,1949,60,2005,2009,13.2013700629958,2.45993801505759,17.043263612,7026808941.6
1945,1949,61,2006,2010,15.3668400783523,2.92812099123192,16.71828773,6626219717.8
1945,1949,62,2007,2011,14.446870335955,3.43915163204213,16.366061002,6199161340.2
1945,1949,63,2008,2012,16.9107032871808,1.54655263521069,16.245554486,6061354597
1945,1949,64,2009,2013,16.3615382397229,1.61700562643055,16.113990846,5916015690.8
1945,1949,65,2010,2014,19.7432251643725,2.34443373710549,16.124961606,5928542767
1945,1949,66,2011,2015,19.7235324536451,1.62076745463528,16.2260862,6045066040.4
1945,1949,67,2012,2016,20.0426899032637,2.19342267308807,16.27704669,6103073121.75
1945,1949,68,2013,2017,20.6508328308399,1.7900139507928,16.3291209333333,6163765331
1945,1949,69,2014,2018,20.4719183323504,5.74859299903661,16.58790848,6452293230.5
1945,1949,70,2015,2019,18.8218201030247,NaN,16.73761379,6626950477
1950,1954,19,1969,1973,1.39174002296371,NaN,26.086483516,25143795448.2
1950,1954,20,1970,1974,0.352137474470033,0.49799759221533,25.66868063,23965951151.4
1950,1954,21,1971,1975,0.618658610799293,0.0869878531367053,25.361063184,23122915107
1950,1954,22,1972,1976,1.7554605391794,0.296979710040937,24.983655394,22079435050.8
1950,1954,23,1973,1977,1.41448126043507,0.35369409380935,24.641604974,21147535925.2
1950,1954,24,1974,1978,2.04938508778006,0.917216684047113,24.592106878,21020295218.8
1950,1954,25,1975,1979,2.05402859740187,1.85257854442738,24.047370466,19757190028
1950,1954,26,1976,1980,1.52105138931394,1.17682857347479,23.852892268,19275634918.8
1950,1954,27,1977,1981,1.0419677343504,0.508720018703031,23.875527312,19333918519.4
1950,1954,28,1978,1982,2.29156168824163,0.826027522432229,23.528493036,18512547950.2
1950,1954,29,1979,1983,1.40844901278408,1.07464600648159,23.428367548,18262917484.4
1950,1954,30,1980,1984,1.62257584751251,0.725280847490252,23.692261682,18838121558.6
1950,1954,31,1981,1985,2.50270121376756,1.823286440264,23.519094984,18441342013
1950,1954,32,1982,1986,2.89625614877947,0.896825132280685,23.125582334,17502350889
1950,1954,33,1983,1987,2.52218723124543,0.551386845662926,22.81523839,16866494730.8
1950,1954,34,1984,1988,2.25002441841387,1.64021962789343,22.335209238,15807643437.2
1950,1954,35,1985,1989,2.99790211109389,1.14630679143576,21.923846804,14939561639.8
1950,1954,36,1986,1990,3.07608874676959,1.028654842466,21.402348126,13915382990.2
1950,1954,37,1987,1991,3.6525987048546,1.51572467226332,20.925491594,12976312964.8
1950,1954,38,1988,1992,4.77810297546756,0.749581066434527,20.90229161,12932335732.4
1950,1954,39,1989,1993,3.34122945247912,0.764951451258462,20.77200259,12682335148.6
1950,1954,40,1990,1994,3.00501764428348,1.18607112510387,20.924736614,12986042038.6
1950,1954,41,1991,1995,4.00506708386293,1.50664719592674,21.040873968,13192900092.6
1950,1954,42,1992,1996,4.2270760400916,0.238870865635382,21.185029402,13455042967.8
1950,1954,43,1993,1997,4.45541159978353,0.921032361438859,21.140875884,13372673985.6
1950,1954,44,1994,1998,3.80916596543139,1.32416189114732,20.981848962,13087914905.8
1950,1954,45,1995,1999,5.06185962407682,0.674717195514553,20.566340834,12310505554
1950,1954,46,1996,2000,5.32838732066816,1.83168812734721,20.473801834,12144733536.8
1950,1954,47,1997,2001,6.97935383183039,1.65232123293362,20.27971147,11795998398.6
1950,1954,48,1998,2002,5.15107425115297,1.46960526405979,20.01139328,11331869470.2
1950,1954,49,1999,2003,5.97160360689402,1.09759922277648,19.80625894,10996340417.6
1950,1954,50,2000,2004,6.86612533534657,1.04271456686343,19.433027322,10423030870
1950,1954,51,2001,2005,7.08080154518697,1.65124954931093,18.939771362,9659823342.4
1950,1954,52,2002,2006,8.41846814404233,1.88591403770231,18.476704448,8954567927.2
1950,1954,53,2003,2007,8.87056759139112,1.27911479333201,17.916596412,8172976702.2
1950,1954,54,2004,2008,9.5297683072482,1.80806379940746,17.385236542,7458020064.6
1950,1954,55,2005,2009,12.264317595395,2.06918986258033,17.043263612,7026808941.6
1950,1954,56,2006,2010,12.2302637176826,1.34901648890166,16.71828773,6626219717.8
1950,1954,57,2007,2011,13.4583333695337,1.23710796618342,16.366061002,6199161340.2
1950,1954,58,2008,2012,12.8261255847845,1.88358508006398,16.245554486,6061354597
1950,1954,59,2009,2013,13.8241221815389,1.54981461520632,16.113990846,5916015690.8
1950,1954,60,2010,2014,13.9387661031143,3.14156271138561,16.124961606,5928542767
1950,1954,61,2011,2015,16.0405215733759,2.86746682902269,16.2260862,6045066040.4
1950,1954,62,2012,2016,16.8421591722125,2.22251912207439,16.27704669,6103073121.75
1950,1954,63,2013,2017,17.51982854025,3.45403685573781,16.3291209333333,6163765331
1950,1954,64,2014,2018,16.2298272991337,3.6975128641856,16.58790848,6452293230.5
1950,1954,65,2015,2019,21.0083548611255,NaN,16.73761379,6626950477
1955,1959,14,1969,1973,0.592206561648703,NaN,26.086483516,25143795448.2
1955,1959,15,1970,1974,0.260087493432791,0.367819260616276,25.66868063,23965951151.4
1955,1959,16,1971,1975,0.173474680503007,0.300466960457987,25.361063184,23122915107
1955,1959,17,1972,1976,0.648451721049791,0.602055834410844,24.983655394,22079435050.8
1955,1959,18,1973,1977,0.70956932764759,0.739756396164435,24.641604974,21147535925.2
1955,1959,19,1974,1978,0.439781952104059,0.480543105687962,24.592106878,21020295218.8
1955,1959,20,1975,1979,0.828503748796175,0.463878508625182,24.047370466,19757190028
1955,1959,21,1976,1980,1.10988913479539,0.532859582402106,23.852892268,19275634918.8
1955,1959,22,1977,1981,1.60944671536648,0.8355420796547,23.875527312,19333918519.4
1955,1959,23,1978,1982,2.05880446161218,1.06774399548296,23.528493036,18512547950.2
1955,1959,24,1979,1983,0.963269337451748,0.356039352236532,23.428367548,18262917484.4
1955,1959,25,1980,1984,1.02352003813583,1.24217969687254,23.692261682,18838121558.6
1955,1959,26,1981,1985,1.51189824662098,0.59284309052474,23.519094984,18441342013
1955,1959,27,1982,1986,1.41030198517191,0.31259425030448,23.125582334,17502350889
1955,1959,28,1983,1987,1.59156164113807,0.97832498733258,22.81523839,16866494730.8
1955,1959,29,1984,1988,2.81752662844517,0.911900882424453,22.335209238,15807643437.2
1955,1959,30,1985,1989,2.58279480931534,1.60466367224193,21.923846804,14939561639.8
1955,1959,31,1986,1990,1.41602455407585,0.928734487046609,21.402348126,13915382990.2
1955,1959,32,1987,1991,3.01914107762231,1.20150701994728,20.925491594,12976312964.8
1955,1959,33,1988,1992,3.14785337468464,0.976757041039033,20.90229161,12932335732.4
1955,1959,34,1989,1993,2.66175393736587,1.33332828562786,20.77200259,12682335148.6
1955,1959,35,1990,1994,3.23409904745558,0.817711422105113,20.924736614,12986042038.6
1955,1959,36,1991,1995,4.04975019479327,1.48648302075982,21.040873968,13192900092.6
1955,1959,37,1992,1996,2.27801864235893,1.25767081558741,21.185029402,13455042967.8
1955,1959,38,1993,1997,3.64946451452781,1.00121683637483,21.140875884,13372673985.6
1955,1959,39,1994,1998,3.38297791473985,0.588907264078556,20.981848962,13087914905.8
1955,1959,40,1995,1999,3.32560421030524,1.25126353117525,20.566340834,12310505554
1955,1959,41,1996,2000,4.27745337841403,1.26692217955814,20.473801834,12144733536.8
1955,1959,42,1997,2001,4.27875732884623,0.757765293950544,20.27971147,11795998398.6
1955,1959,43,1998,2002,5.03443241773431,0.978050168484706,20.01139328,11331869470.2
1955,1959,44,1999,2003,5.25348894809905,1.34030399666271,19.80625894,10996340417.6
1955,1959,45,2000,2004,6.59447100136588,1.28438798575235,19.433027322,10423030870
1955,1959,46,2001,2005,5.94181266437402,0.726667129227636,18.939771362,9659823342.4
1955,1959,47,2002,2006,6.88472777910928,0.902630814093489,18.476704448,8954567927.2
1955,1959,48,2003,2007,7.68251177888576,1.20291080394847,17.916596412,8172976702.2
1955,1959,49,2004,2008,7.71305421587481,1.72126347389474,17.385236542,7458020064.6
1955,1959,50,2005,2009,8.33282552555891,1.89362570799569,17.043263612,7026808941.6
1955,1959,51,2006,2010,10.5432454017575,1.76805677555463,16.71828773,6626219717.8
1955,1959,52,2007,2011,10.6351987285648,1.11113633157935,16.366061002,6199161340.2
1955,1959,53,2008,2012,12.1595248789539,2.06526968539269,16.245554486,6061354597
1955,1959,54,2009,2013,13.4683463269248,3.21746835385011,16.113990846,5916015690.8
1955,1959,55,2010,2014,13.8871900741146,1.3338713229679,16.124961606,5928542767
1955,1959,56,2011,2015,14.0158553841369,0.962518536440962,16.2260862,6045066040.4
1955,1959,57,2012,2016,14.3625830368049,1.13304569922335,16.27704669,6103073121.75
1955,1959,58,2013,2017,15.824965385914,1.45348879262113,16.3291209333333,6163765331
1955,1959,59,2014,2018,14.8851718460138,2.87813154064156,16.58790848,6452293230.5
1955,1959,60,2015,2019,16.5526271251062,NaN,16.73761379,6626950477
1960,1964,9,1969,1973,0,NaN,26.086483516,25143795448.2
1960,1964,10,1970,1974,0.297865495856691,0.421245424003519,25.66868063,23965951151.4
1960,1964,11,1971,1975,0.201038161063733,0.348208309222601,25.361063184,23122915107
1960,1964,12,1972,1976,0.126844959942362,0.253689919884723,24.983655394,22079435050.8
1960,1964,13,1973,1977,0.218455341271797,0.301622281388571,24.641604974,21147535925.2
1960,1964,14,1974,1978,0.488396860491137,0.598668014776462,24.592106878,21020295218.8
1960,1964,15,1975,1979,0.197965153630414,0.271132213284586,24.047370466,19757190028
1960,1964,16,1976,1980,0.784228967634173,0.745022739107708,23.852892268,19275634918.8
1960,1964,17,1977,1981,0.689241962940968,0.261954323250558,23.875527312,19333918519.4
1960,1964,18,1978,1982,0.831459046162849,0.465061899293245,23.528493036,18512547950.2
1960,1964,19,1979,1983,0.713357945609663,0.585806699047003,23.428367548,18262917484.4
1960,1964,20,1980,1984,0.821427562835562,0.593428637047591,23.692261682,18838121558.6
1960,1964,21,1981,1985,1.11935588868609,0.667781976874528,23.519094984,18441342013
1960,1964,22,1982,1986,0.999715313258067,0.495943371467846,23.125582334,17502350889
1960,1964,23,1983,1987,0.789357307283076,0.751899363292873,22.81523839,16866494730.8
1960,1964,24,1984,1988,1.91333260268685,0.607495436802632,22.335209238,15807643437.2
1960,1964,25,1985,1989,0.945578747013286,0.873129563255594,21.923846804,14939561639.8
1960,1964,26,1986,1990,1.7201704586646,0.55799533584147,21.402348126,13915382990.2
1960,1964,27,1987,1991,1.98674165282486,0.915243507266529,20.925491594,12976312964.8
1960,1964,28,1988,1992,1.74831921704325,0.696092708255915,20.90229161,12932335732.4
1960,1964,29,1989,1993,1.78311589419771,0.81351129282576,20.77200259,12682335148.6
1960,1964,30,1990,1994,1.71271608734797,0.877502110155147,20.924736614,12986042038.6
1960,1964,31,1991,1995,1.61727150296826,0.465281761113976,21.040873968,13192900092.6
1960,1964,32,1992,1996,2.13131501716084,1.34155842329643,21.185029402,13455042967.8
1960,1964,33,1993,1997,2.5956397417273,0.711690237338071,21.140875884,13372673985.6
1960,1964,34,1994,1998,2.35843817780118,0.190872634004863,20.981848962,13087914905.8
1960,1964,35,1995,1999,3.25895487185541,0.474416262805068,20.566340834,12310505554
1960,1964,36,1996,2000,3.16422905782575,1.12083879719633,20.473801834,12144733536.8
1960,1964,37,1997,2001,3.46482078309913,0.61869194219446,20.27971147,11795998398.6
1960,1964,38,1998,2002,4.0845578354941,1.02601167039158,20.01139328,11331869470.2
1960,1964,39,1999,2003,4.39375737569621,1.46517384807883,19.80625894,10996340417.6
1960,1964,40,2000,2004,4.26726331612962,1.37304188710619,19.433027322,10423030870
1960,1964,41,2001,2005,4.95433635790105,0.833218114534612,18.939771362,9659823342.4
1960,1964,42,2002,2006,6.11924578173697,1.27672161992546,18.476704448,8954567927.2
1960,1964,43,2003,2007,6.67642698904902,1.00789675420222,17.916596412,8172976702.2
1960,1964,44,2004,2008,7.0339197124488,0.551622242732545,17.385236542,7458020064.6
1960,1964,45,2005,2009,7.45225821640697,1.4505692436042,17.043263612,7026808941.6
1960,1964,46,2006,2010,7.96436271986172,1.21663632984169,16.71828773,6626219717.8
1960,1964,47,2007,2011,10.1539469498377,1.86145035500006,16.366061002,6199161340.2
1960,1964,48,2008,2012,10.7293972030531,0.67652399943568,16.245554486,6061354597
1960,1964,49,2009,2013,10.7009067930501,0.551547355342556,16.113990846,5916015690.8
1960,1964,50,2010,2014,10.957733030069,0.80465146720753,16.124961606,5928542767
1960,1964,51,2011,2015,11.7349417796099,2.77324045155412,16.2260862,6045066040.4
1960,1964,52,2012,2016,13.0297913445437,0.820003594001478,16.27704669,6103073121.75
1960,1964,53,2013,2017,11.7248046194363,1.32603502861211,16.3291209333333,6163765331
1960,1964,54,2014,2018,13.6603473192132,1.2540769543357,16.58790848,6452293230.5
1960,1964,55,2015,2019,13.3757224113491,NaN,16.73761379,6626950477
1965,1969,4,1969,1973,0,NaN,26.086483516,25143795448.2
1965,1969,5,1970,1974,0,0,25.66868063,23965951151.4
1965,1969,6,1971,1975,0,0,25.361063184,23122915107
1965,1969,7,1972,1976,0,0,24.983655394,22079435050.8
1965,1969,8,1973,1977,0.120286281349612,0.268968301858398,24.641604974,21147535925.2
1965,1969,9,1974,1978,0.117271789098414,0.262227692267074,24.592106878,21020295218.8
1965,1969,10,1975,1979,0.112525177508468,0.251613946089164,24.047370466,19757190028
1965,1969,11,1976,1980,0,0,23.852892268,19275634918.8
1965,1969,12,1977,1981,0,0,23.875527312,19333918519.4
1965,1969,13,1978,1982,0.228825371833271,0.313500992509082,23.528493036,18512547950.2
1965,1969,14,1979,1983,0.345793052163736,0.315903792770861,23.428367548,18262917484.4
1965,1969,15,1980,1984,0.68596080020563,0.967173669801178,23.692261682,18838121558.6
1965,1969,16,1981,1985,0.232248228036054,0.318042036554934,23.519094984,18441342013
1965,1969,17,1982,1986,0.793489989008116,0.664426369404141,23.125582334,17502350889
1965,1969,18,1983,1987,0.700959235616411,0.228962138264977,22.81523839,16866494730.8
1965,1969,19,1984,1988,0.908724516470627,0.509276150858125,22.335209238,15807643437.2
1965,1969,20,1985,1989,0.562495759125173,0.982869289227875,21.923846804,14939561639.8
1965,1969,21,1986,1990,1.47616762213454,0.666700053743612,21.402348126,13915382990.2
1965,1969,22,1987,1991,1.24140817907529,1.24240846711462,20.925491594,12976312964.8
1965,1969,23,1988,1992,0.90244515913186,0.456035178739488,20.90229161,12932335732.4
1965,1969,24,1989,1993,1.39729957971445,1.02937614784655,20.77200259,12682335148.6
1965,1969,25,1990,1994,1.79120797992645,0.73955817405187,20.924736614,12986042038.6
1965,1969,26,1991,1995,1.91577206728169,0.429044535746157,21.040873968,13192900092.6
1965,1969,27,1992,1996,2.26626255040165,0.572895086492948,21.185029402,13455042967.8
1965,1969,28,1993,1997,1.79910973916973,0.929565547846119,21.140875884,13372673985.6
1965,1969,29,1994,1998,3.69662839429905,0.741686640926457,20.981848962,13087914905.8
1965,1969,30,1995,1999,2.30375707262818,0.867926179283072,20.566340834,12310505554
1965,1969,31,1996,2000,3.06953458800999,0.594545520206204,20.473801834,12144733536.8
1965,1969,32,1997,2001,3.05841805517416,1.19734038605041,20.27971147,11795998398.6
1965,1969,33,1998,2002,3.21431958373566,0.327432099012859,20.01139328,11331869470.2
1965,1969,34,1999,2003,3.39390953994884,0.772526972070814,19.80625894,10996340417.6
1965,1969,35,2000,2004,4.45107206201303,0.788857923683307,19.433027322,10423030870
1965,1969,36,2001,2005,4.95287595373229,0.737643317378585,18.939771362,9659823342.4
1965,1969,37,2002,2006,5.1403442201549,0.809294771444288,18.476704448,8954567927.2
1965,1969,38,2003,2007,4.67839825104028,0.725263415641621,17.916596412,8172976702.2
1965,1969,39,2004,2008,6.57083811923336,1.17379558683288,17.385236542,7458020064.6
1965,1969,40,2005,2009,6.80026972907827,2.294772136574,17.043263612,7026808941.6
1965,1969,41,2006,2010,7.73566823291777,1.09456157495993,16.71828773,6626219717.8
1965,1969,42,2007,2011,7.41255781096966,1.27049452950006,16.366061002,6199161340.2
1965,1969,43,2008,2012,8.84771994748995,0.590375865405704,16.245554486,6061354597
1965,1969,44,2009,2013,8.87186219086491,1.48574345475025,16.113990846,5916015690.8
1965,1969,45,2010,2014,10.6461440801726,2.30600151432305,16.124961606,5928542767
1965,1969,46,2011,2015,11.4284543898665,1.12772070458052,16.2260862,6045066040.4
1965,1969,47,2012,2016,10.1750974226535,0.582191904854434,16.27704669,6103073121.75
1965,1969,48,2013,2017,10.9582659939284,0.518315823244125,16.3291209333333,6163765331
1965,1969,49,2014,2018,9.7978557202691,1.34722564104306,16.58790848,6452293230.5
1965,1969,50,2015,2019,11.8650743297469,NaN,16.73761379,6626950477
1970,1974,0,1970,1974,0,0,25.66868063,23965951151.4
1970,1974,1,1971,1975,0,0,25.361063184,23122915107
1970,1974,2,1972,1976,0,0,24.983655394,22079435050.8
1970,1974,3,1973,1977,0,0,24.641604974,21147535925.2
1970,1974,4,1974,1978,0,0,24.592106878,21020295218.8
1970,1974,5,1975,1979,0,0,24.047370466,19757190028
1970,1974,6,1976,1980,0.115308334486417,0.257837274283911,23.852892268,19275634918.8
1970,1974,7,1977,1981,0.112139681186886,0.250751950109032,23.875527312,19333918519.4
1970,1974,8,1978,1982,0.230227752804462,0.514804905577795,23.528493036,18512547950.2
1970,1974,9,1979,1983,0.110234744889242,0.246492383054692,23.428367548,18262917484.4
1970,1974,10,1980,1984,0.109759845458138,0.245430475644267,23.692261682,18838121558.6
1970,1974,11,1981,1985,0,0,23.519094984,18441342013
1970,1974,12,1982,1986,0.461290963396263,0.474057435950118,23.125582334,17502350889
1970,1974,13,1983,1987,0.121916280090462,0.272613089846177,22.81523839,16866494730.8
1970,1974,14,1984,1988,0.243276442403693,0.334686802943205,22.335209238,15807643437.2
1970,1974,15,1985,1989,0.119704569123403,0.267667553777252,21.923846804,14939561639.8
1970,1974,16,1986,1990,0.12563287561089,0.280923650074725,21.402348126,13915382990.2
1970,1974,17,1987,1991,0.576354033836351,0.583376004859983,20.925491594,12976312964.8
1970,1974,18,1988,1992,0.413410293195289,0.391625871887043,20.90229161,12932335732.4
1970,1974,19,1989,1993,0.634711978997304,0.437754051388642,20.77200259,12682335148.6
1970,1974,20,1990,1994,0.740978435353496,0.797756277328942,20.924736614,12986042038.6
1970,1974,21,1991,1995,0.745356977113486,0.515010445288109,21.040873968,13192900092.6
1970,1974,22,1992,1996,1.29839474609597,0.252502597087073,21.185029402,13455042967.8
1970,1974,23,1993,1997,1.92132086139128,0.869184176708091,21.140875884,13372673985.6
1970,1974,24,1994,1998,1.59335428035602,0.998903626570804,20.981848962,13087914905.8
1970,1974,25,1995,1999,1.38295035737065,0.571469971250298,20.566340834,12310505554
1970,1974,26,1996,2000,2.01698789983713,1.30444476492635,20.473801834,12144733536.8
1970,1974,27,1997,2001,2.73447345963425,0.485103243336259,20.27971147,11795998398.6
1970,1974,28,1998,2002,2.50598169792576,0.602956656435296,20.01139328,11331869470.2
1970,1974,29,1999,2003,2.3358954145981,0.392723284880822,19.80625894,10996340417.6
1970,1974,30,2000,2004,3.13110285970646,0.567664991824893,19.433027322,10423030870
1970,1974,31,2001,2005,3.01526432898276,0.707112923781284,18.939771362,9659823342.4
1970,1974,32,2002,2006,3.28958740120927,0.93426945850215,18.476704448,8954567927.2
1970,1974,33,2003,2007,3.70618454992907,0.985623290640348,17.916596412,8172976702.2
1970,1974,34,2004,2008,4.66967955759322,1.24852092877283,17.385236542,7458020064.6
1970,1974,35,2005,2009,4.67733971318411,0.644210740438021,17.043263612,7026808941.6
1970,1974,36,2006,2010,6.13382972967463,1.56851956398687,16.71828773,6626219717.8
1970,1974,37,2007,2011,6.77519312578981,1.54812717141052,16.366061002,6199161340.2
1970,1974,38,2008,2012,7.42797247542601,0.784220325456999,16.245554486,6061354597
1970,1974,39,2009,2013,7.35546927625422,1.3449468921352,16.113990846,5916015690.8
1970,1974,40,2010,2014,7.63997353895988,0.931935920542883,16.124961606,5928542767
1970,1974,41,2011,2015,9.21419100537653,1.16486108221244,16.2260862,6045066040.4
1970,1974,42,2012,2016,8.97761186377379,1.16755741700409,16.27704669,6103073121.75
1970,1974,43,2013,2017,9.34171819431942,1.48062366636167,16.3291209333333,6163765331
1970,1974,44,2014,2018,11.055555929176,0.905035867564836,16.58790848,6452293230.5
1970,1974,45,2015,2019,10.4478931421637,NaN,16.73761379,6626950477
1975,1979,0,1975,1979,0,0,24.047370466,19757190028
1975,1979,1,1976,1980,0,0,23.852892268,19275634918.8
1975,1979,2,1977,1981,0,0,23.875527312,19333918519.4
1975,1979,3,1978,1982,0,0,23.528493036,18512547950.2
1975,1979,4,1979,1983,0,0,23.428367548,18262917484.4
1975,1979,5,1980,1984,0,0,23.692261682,18838121558.6
1975,1979,6,1981,1985,0,0,23.519094984,18441342013
1975,1979,7,1982,1986,0,0,23.125582334,17502350889
1975,1979,8,1983,1987,0,0,22.81523839,16866494730.8
1975,1979,9,1984,1988,0.125520124013883,0.280671529839245,22.335209238,15807643437.2
1975,1979,10,1985,1989,0.126202074762109,0.282196418069587,21.923846804,14939561639.8
1975,1979,11,1986,1990,0,0,21.402348126,13915382990.2
1975,1979,12,1987,1991,0.377219990485771,0.344710628563672,20.925491594,12976312964.8
1975,1979,13,1988,1992,0.408852252174534,0.380138819023292,20.90229161,12932335732.4
1975,1979,14,1989,1993,0.36978437699653,0.369664038580528,20.77200259,12682335148.6
1975,1979,15,1990,1994,0.28564476432433,0.276067050761259,20.924736614,12986042038.6
1975,1979,16,1991,1995,0.0838149198938903,0.187415858411438,21.040873968,13192900092.6
1975,1979,17,1992,1996,0.322608242459676,0.343276273660767,21.185029402,13455042967.8
1975,1979,18,1993,1997,0.324387414962203,0.33701972657592,21.140875884,13372673985.6
1975,1979,19,1994,1998,0.475951965778178,0.328452871072901,20.981848962,13087914905.8
1975,1979,20,1995,1999,0.463603037684636,0.317741194737459,20.566340834,12310505554
1975,1979,21,1996,2000,0.742145241080296,0.366506359534848,20.473801834,12144733536.8
1975,1979,22,1997,2001,0.786021789273833,0.584454764825561,20.27971147,11795998398.6
1975,1979,23,1998,2002,1.53837588341332,0.712598181497607,20.01139328,11331869470.2
1975,1979,24,1999,2003,1.78464863675545,0.313015313818369,19.80625894,10996340417.6
1975,1979,25,2000,2004,1.9704260460395,0.504390239786008,19.433027322,10423030870
1975,1979,26,2001,2005,2.14408624715015,0.41599790707382,18.939771362,9659823342.4
1975,1979,27,2002,2006,2.63502874036147,0.480915437202877,18.476704448,8954567927.2
1975,1979,28,2003,2007,2.44672536629279,0.803060008781174,17.916596412,8172976702.2
1975,1979,29,2004,2008,4.15874499043506,0.676089700363117,17.385236542,7458020064.6
1975,1979,30,2005,2009,3.38526130666226,0.778094396712362,17.043263612,7026808941.6
1975,1979,31,2006,2010,3.86558893487223,0.156869653519719,16.71828773,6626219717.8
1975,1979,32,2007,2011,5.03679725271768,1.04659637306667,16.366061002,6199161340.2
1975,1979,33,2008,2012,5.34838115156771,0.698869848516257,16.245554486,6061354597
1975,1979,34,2009,2013,5.54026915309279,1.47596073336157,16.113990846,5916015690.8
1975,1979,35,2010,2014,6.61616744778582,1.53189622834982,16.124961606,5928542767
1975,1979,36,2011,2015,6.79420926708682,0.75130887569514,16.2260862,6045066040.4
1975,1979,37,2012,2016,7.21378986910039,0.511812933697256,16.27704669,6103073121.75
1975,1979,38,2013,2017,8.19447365722317,1.53839201895806,16.3291209333333,6163765331
1975,1979,39,2014,2018,8.55449032753851,1.20098378412774,16.58790848,6452293230.5
1975,1979,40,2015,2019,7.88575814555007,NaN,16.73761379,6626950477
1980,1984,0,1980,1984,0,0,23.692261682,18838121558.6
1980,1984,1,1981,1985,0,0,23.519094984,18441342013
1980,1984,2,1982,1986,0,0,23.125582334,17502350889
1980,1984,3,1983,1987,0,0,22.81523839,16866494730.8
1980,1984,4,1984,1988,0,0,22.335209238,15807643437.2
1980,1984,5,1985,1989,0,0,21.923846804,14939561639.8
1980,1984,6,1986,1990,0,0,21.402348126,13915382990.2
1980,1984,7,1987,1991,0.114223054781377,0.255410515088842,20.925491594,12976312964.8
1980,1984,8,1988,1992,0.0803222528785487,0.179606017542363,20.90229161,12932335732.4
1980,1984,9,1989,1993,0.151194436044754,0.338081036815813,20.77200259,12682335148.6
1980,1984,10,1990,1994,0,0,20.924736614,12986042038.6
1980,1984,11,1991,1995,0.0740321225379692,0.165540858513493,21.040873968,13192900092.6
1980,1984,12,1992,1996,0.378273024303827,0.467778909107295,21.185029402,13455042967.8
1980,1984,13,1993,1997,0.145577359809002,0.325520872517875,21.140875884,13372673985.6
1980,1984,14,1994,1998,0.0733756466228859,0.164072933741776,20.981848962,13087914905.8
1980,1984,15,1995,1999,0.218853724499475,0.199792442559134,20.566340834,12310505554
1980,1984,16,1996,2000,0.533399710095474,0.31068893068006,20.473801834,12144733536.8
1980,1984,17,1997,2001,0.937587659249859,0.515104386580884,20.27971147,11795998398.6
1980,1984,18,1998,2002,0.763652833106711,0.268857150439032,20.01139328,11331869470.2
1980,1984,19,1999,2003,1.03679773005099,0.363199918199002,19.80625894,10996340417.6
1980,1984,20,2000,2004,0.606257361895099,0.482689094475328,19.433027322,10423030870
1980,1984,21,2001,2005,1.19942748483225,0.608558976270558,18.939771362,9659823342.4
1980,1984,22,2002,2006,1.22191374183276,0.423140176113392,18.476704448,8954567927.2
1980,1984,23,2003,2007,1.34289634360634,0.612027628598023,17.916596412,8172976702.2
1980,1984,24,2004,2008,1.65944419315414,0.59055897203707,17.385236542,7458020064.6
1980,1984,25,2005,2009,1.644204219931,0.269364918855592,17.043263612,7026808941.6
1980,1984,26,2006,2010,2.12391764747235,0.495898396397217,16.71828773,6626219717.8
1980,1984,27,2007,2011,3.3525307501242,0.780988620123971,16.366061002,6199161340.2
1980,1984,28,2008,2012,3.28146175518764,0.457174621353869,16.245554486,6061354597
1980,1984,29,2009,2013,3.52165684924293,0.513804747408484,16.113990846,5916015690.8
1980,1984,30,2010,2014,4.89868790478638,0.502559691431686,16.124961606,5928542767
1980,1984,31,2011,2015,5.17572995256507,0.419568693476233,16.2260862,6045066040.4
1980,1984,32,2012,2016,6.0988540245621,1.1150318639239,16.27704669,6103073121.75
1980,1984,33,2013,2017,6.15402980219026,0.535214197088649,16.3291209333333,6163765331
1980,1984,34,2014,2018,7.05863345154547,0.541506599032997,16.58790848,6452293230.5
1980,1984,35,2015,2019,5.2140856152858,NaN,16.73761379,6626950477
1985,1989,0,1985,1989,0,0,21.923846804,14939561639.8
1985,1989,1,1986,1990,0,0,21.402348126,13915382990.2
1985,1989,2,1987,1991,0,0,20.925491594,12976312964.8
1985,1989,3,1988,1992,0,0,20.90229161,12932335732.4
1985,1989,4,1989,1993,0,0,20.77200259,12682335148.6
1985,1989,5,1990,1994,0,0,20.924736614,12986042038.6
1985,1989,6,1991,1995,0.182975112058016,0.2597768971638,21.040873968,13192900092.6
1985,1989,7,1992,1996,0.0749909073524835,0.167684766534542,21.185029402,13455042967.8
1985,1989,8,1993,1997,0,0,21.140875884,13372673985.6
1985,1989,9,1994,1998,0,0,20.981848962,13087914905.8
1985,1989,10,1995,1999,0.143477462327363,0.196476391287872,20.566340834,12310505554
1985,1989,11,1996,2000,0.208542044693845,0.316954315490172,20.473801834,12144733536.8
1985,1989,12,1997,2001,0.241108738202645,0.15608475054666,20.27971147,11795998398.6
1985,1989,13,1998,2002,0.202688835280045,0.185495205863907,20.01139328,11331869470.2
1985,1989,14,1999,2003,0.200327939507882,0.183019380443604,19.80625894,10996340417.6
1985,1989,15,2000,2004,0.266831625462058,0.152353963199645,19.433027322,10423030870
1985,1989,16,2001,2005,0.493862870863422,0.115746998663526,18.939771362,9659823342.4
1985,1989,17,2002,2006,0.711064899709187,0.416360922453133,18.476704448,8954567927.2
1985,1989,18,2003,2007,0.717876299809343,0.312519924539292,17.916596412,8172976702.2
1985,1989,19,2004,2008,0.786438786197931,0.506489532131987,17.385236542,7458020064.6
1985,1989,20,2005,2009,1.22318280581621,0.557412246561634,17.043263612,7026808941.6
1985,1989,21,2006,2010,1.32759512960451,0.685464695783722,16.71828773,6626219717.8
1985,1989,22,2007,2011,1.50764828543806,0.409935738440689,16.366061002,6199161340.2
1985,1989,23,2008,2012,1.87288783740461,0.33885760402019,16.245554486,6061354597
1985,1989,24,2009,2013,2.0484277885526,0.913363238940571,16.113990846,5916015690.8
1985,1989,25,2010,2014,2.97305365835704,0.600478973146337,16.124961606,5928542767
1985,1989,26,2011,2015,3.06415435351649,0.924468071162396,16.2260862,6045066040.4
1985,1989,27,2012,2016,3.80642756938329,0.759113056546257,16.27704669,6103073121.75
1985,1989,28,2013,2017,3.35824343785662,0.366037465780162,16.3291209333333,6163765331
1985,1989,29,2014,2018,5.09313083997622,0.328014564071025,16.58790848,6452293230.5
1985,1989,30,2015,2019,5.91600825127467,NaN,16.73761379,6626950477
1990,1994,0,1990,1994,0,0,20.924736614,12986042038.6
1990,1994,1,1991,1995,0,0,21.040873968,13192900092.6
1990,1994,2,1992,1996,0,0,21.185029402,13455042967.8
1990,1994,3,1993,1997,0,0,21.140875884,13372673985.6
1990,1994,4,1994,1998,0,0,20.981848962,13087914905.8
1990,1994,5,1995,1999,0.0670963066837986,0.150031902784147,20.566340834,12310505554
1990,1994,6,1996,2000,0.066872410783845,0.149531256331967,20.473801834,12144733536.8
1990,1994,7,1997,2001,0.0647949563605969,0.144885927021427,20.27971147,11795998398.6
1990,1994,8,1998,2002,0.0973270534432319,0.145701790693556,20.01139328,11331869470.2
1990,1994,9,1999,2003,0.0966959235430944,0.145174839474061,19.80625894,10996340417.6
1990,1994,10,2000,2004,0.0948816909103255,0.0866296196308445,19.433027322,10423030870
1990,1994,11,2001,2005,0.125512905532852,0.130591345869138,18.939771362,9659823342.4
1990,1994,12,2002,2006,0.158844681147766,0.113531276009833,18.476704448,8954567927.2
1990,1994,13,2003,2007,0.348818505815113,0.237801141187097,17.916596412,8172976702.2
1990,1994,14,2004,2008,0.475452132299253,0.360338699267628,17.385236542,7458020064.6
1990,1994,15,2005,2009,0.437963611145273,0.462176315905082,17.043263612,7026808941.6
1990,1994,16,2006,2010,0.707756562741272,0.282876640331379,16.71828773,6626219717.8
1990,1994,17,2007,2011,0.793680061461392,0.294568808754474,16.366061002,6199161340.2
1990,1994,18,2008,2012,0.830209851699522,0.525904497333943,16.245554486,6061354597
1990,1994,19,2009,2013,1.47219438317659,0.446821604610653,16.113990846,5916015690.8
1990,1994,20,2010,2014,1.32755219297976,0.675411402139647,16.124961606,5928542767
1990,1994,21,2011,2015,1.5168474864193,0.27311531187266,16.2260862,6045066040.4
1990,1994,22,2012,2016,2.03622870819291,0.310360293716943,16.27704669,6103073121.75
1990,1994,23,2013,2017,2.60837501601587,0.444204066924336,16.3291209333333,6163765331
1990,1994,24,2014,2018,3.0713093185397,0.326799360013762,16.58790848,6452293230.5
1990,1994,25,2015,2019,4.14082813706998,NaN,16.73761379,6626950477
1995,1999,0,1995,1999,0,0,20.566340834,12310505554
1995,1999,1,1996,2000,0,0,20.473801834,12144733536.8
1995,1999,2,1997,2001,0,0,20.27971147,11795998398.6
1995,1999,3,1998,2002,0,0,20.01139328,11331869470.2
1995,1999,4,1999,2003,0.0347887194098442,0.0777899414505779,19.80625894,10996340417.6
1995,1999,5,2000,2004,0.0679910183864711,0.152032538971588,19.433027322,10423030870
1995,1999,6,2001,2005,0.0334394478478371,0.0747728785178229,18.939771362,9659823342.4
1995,1999,7,2002,2006,0.139175008310875,0.0780227152900452,18.476704448,8954567927.2
1995,1999,8,2003,2007,0.139378080872535,0.190922783876323,17.916596412,8172976702.2
1995,1999,9,2004,2008,0.101352635565797,0.149628338401936,17.385236542,7458020064.6
1995,1999,10,2005,2009,0.066032096093402,0.0904209363995062,17.043263612,7026808941.6
1995,1999,11,2006,2010,0.232207446789186,0.188733884385404,16.71828773,6626219717.8
1995,1999,12,2007,2011,0.16603038183699,0.234632551282426,16.366061002,6199161340.2
1995,1999,13,2008,2012,0.39409010213577,0.272811592533978,16.245554486,6061354597
1995,1999,14,2009,2013,0.624928814425648,0.541309034809043,16.113990846,5916015690.8
1995,1999,15,2010,2014,0.523461364323916,0.213066566510581,16.124961606,5928542767
1995,1999,16,2011,2015,0.555436993795417,0.146077314862571,16.2260862,6045066040.4
1995,1999,17,2012,2016,1.01572653848804,0.368497662614064,16.27704669,6103073121.75
1995,1999,18,2013,2017,1.13628803330221,0.636202510777256,16.3291209333333,6163765331
1995,1999,19,2014,2018,1.57615320385175,0.137903038309229,16.58790848,6452293230.5
1995,1999,20,2015,2019,1.28893593505052,NaN,16.73761379,6626950477
2000,2004,0,2000,2004,0,0,19.433027322,10423030870
2000,2004,1,2001,2005,0,0,18.939771362,9659823342.4
2000,2004,2,2002,2006,0,0,18.476704448,8954567927.2
2000,2004,3,2003,2007,0,0,17.916596412,8172976702.2
2000,2004,4,2004,2008,0,0,17.385236542,7458020064.6
2000,2004,5,2005,2009,0.0683605903423439,0.0936136641947789,17.043263612,7026808941.6
2000,2004,6,2006,2010,0.102172399884937,0.0932756695156838,16.71828773,6626219717.8
2000,2004,7,2007,2011,0.139395043730285,0.190896693633743,16.366061002,6199161340.2
2000,2004,8,2008,2012,0.103840981687485,0.156129016773179,16.245554486,6061354597
2000,2004,9,2009,2013,0.0671765365793036,0.150211302284324,16.113990846,5916015690.8
2000,2004,10,2010,2014,0.405572458274466,0.309641536194367,16.124961606,5928542767
2000,2004,11,2011,2015,0.134530251557871,0.141389205421487,16.2260862,6045066040.4
2000,2004,12,2012,2016,0.673163471307246,0.315753853089461,16.27704669,6103073121.75
2000,2004,13,2013,2017,0.776814405517415,0.190706965332467,16.3291209333333,6163765331
2000,2004,14,2014,2018,0.656148432985333,0.224762647413103,16.58790848,6452293230.5
2000,2004,15,2015,2019,0.813246153345695,NaN,16.73761379,6626950477
2005,2009,0,2005,2009,0.0327548821151793,0.0732421430045329,17.043263612,7026808941.6
2005,2009,1,2006,2010,0,0,16.71828773,6626219717.8
2005,2009,2,2007,2011,0,0,16.366061002,6199161340.2
2005,2009,3,2008,2012,0.0680796723337943,0.0932221430021705,16.245554486,6061354597
2005,2009,4,2009,2013,0.0331821334120856,0.0741975059478904,16.113990846,5916015690.8
2005,2009,5,2010,2014,0.0663901572743759,0.0909112393106337,16.124961606,5928542767
2005,2009,6,2011,2015,0.0660812557639741,0.0904860000882181,16.2260862,6045066040.4
2005,2009,7,2012,2016,0.0828039013948036,0.0956169898285153,16.27704669,6103073121.75
2005,2009,8,2013,2017,0.0557953827088993,0.0966404376795636,16.3291209333333,6163765331
2005,2009,9,2014,2018,0.249940215393274,0.117058928319984,16.58790848,6452293230.5
2005,2009,10,2015,2019,0.16706400054797,NaN,16.73761379,6626950477
2010,2014,0,2010,2014,0.0348101541219574,0.0778378709239412,16.124961606,5928542767
2010,2014,1,2011,2015,0.0344366847114895,0.0770027679346182,16.2260862,6045066040.4
2010,2014,2,2012,2016,0,0,16.27704669,6103073121.75
2010,2014,3,2013,2017,0.0576959802633591,0.0999323692086291,16.3291209333333,6163765331
2010,2014,4,2014,2018,0,0,16.58790848,6452293230.5
2010,2014,5,2015,2019,0,NaN,16.73761379,6626950477
